Comuna;Region
Algarrobo;Valparaiso
AlhuÃ©;Metropolitana
Alhué;Metropolitana
Alto Bio Bio;Bio Bio
Alto BiobÃ­o;Bio Bio
Alto Biobío;Bio Bio
Alto BÃ­o BÃ­o;Bio Bio
Alto Bío Bío;Bio Bio
Alto del Carmen;Atacama
Alto Hospicio;Tarapaca
Ancud;Los Lagos
Andacollo;Coquimbo
Angol;La Araucania
Antofagasta;Antofagasta
Antuco;Bio Bio
Antártica;Magallanes y Antartica Chilena
AntÃ¡rtica;Magallanes y Antartica Chilena
Arauco;Bio Bio
Arica;Arica y Parinacota
AysÃ©n;Aysen
Aysén;Aysen
Batuco;Metropolitana
Buin;Metropolitana
Bulnes;Ñuble
Cabildo;Valparaiso
Cabo de Hornos;Magallanes y Antartica Chilena
Cabrero;Bio Bio
Calama;Antofagasta
Calbuco;Los Lagos
Caldera;Atacama
Calera de Tango;Metropolitana
Calera;Valparaiso
Calle Larga;Valparaiso
Camarones;Arica y Parinacota
Cambrero;La Araucania
CamiÃ±a;Tarapaca
Camiña;Tarapaca
Canela;Coquimbo
Carahue;La Araucania
Cartagena;Valparaiso
Casablanca;Valparaiso
Castro;Los Lagos
Catemu;Valparaiso
Cauquenes;Maule
CaÃ±ete;Bio Bio
Cañete;Bio Bio
Cerrillos;Metropolitana
Cerro Navia;Metropolitana
ChaitÃ©n;Los Lagos
Chaitén;Los Lagos
Chanco;Maule
ChaÃ±aral;Atacama
Chañaral;Atacama
Chicureo;Metropolitana
Chiguayante;Bio Bio
Chile Chico;Aysen
Chillán Viejo;Ñuble
Chillán;Ñuble
ChillÃ¡n Viejo;Ñuble
ChillÃ¡n;Ñuble
Chimbarongo;O'Higgins
Cholchol;La Araucania
Chonchi;Los Lagos
ChÃ©pica;O'Higgins
Chépica;O'Higgins
Cisnes;Aysen
Cobquecura;Ñuble
CochamÃ³;Los Lagos
Cochamó;Los Lagos
Cochrane;Aysen
Codegua;O'Higgins
Coelemu;Ñuble
Coihaique;Aysen
Coihueco;Ñuble
Coinco;O'Higgins
ColbÃºn;Maule
Colbún;Maule
Colchane;Tarapaca
Colina;Metropolitana
Collipulli;La Araucania
Coltauco;O'Higgins
Combarabala;Coquimbo
Combarbalá;Coquimbo
CombarbalÃ¡;Coquimbo
ConcepciÃ³n;Bio Bio
Concepción;Bio Bio
ConchalÃ­;Metropolitana
Conchalí;Metropolitana
ConcÃ³n;Valparaiso
Concón;Valparaiso
ConstituciÃ³n;Maule
Constitución;Maule
Contulmo;Bio Bio
CopiapÃ³;Atacama
Copiapó;Atacama
Coquimbo;Coquimbo
Coronel;Bio Bio
Corral;Los Rios
Coyhaique;Aysen
Cunco;La Araucania
CuracautÃ­n;La Araucania
Curacautín;La Araucania
CuracavÃ­;Metropolitana
Curacaví;Metropolitana
Curaco de VÃ©lez;Los Lagos
Curaco de Vélez;Los Lagos
Curanilahue;Bio Bio
Curarrehue;La Araucania
Curepto;Maule
CuricÃ³;Maule
Curicó;Maule
Dalcahue;Los Lagos
Diego de Almagro;Atacama
DoÃ±ihue;O'Higgins
Doñihue;O'Higgins
El Bosque;Metropolitana
El Carmen;Ñuble
El Monte;Metropolitana
El Quisco;Valparaiso
El Tabo;Valparaiso
Empedrado;Maule
Ercilla;La Araucania
EstaciÃ³n Central;Metropolitana
Estación Central;Metropolitana
Florida;Bio Bio
Freire;La Araucania
Freirina;Atacama
Fresia;Los Lagos
Frutillar;Los Lagos
FutaleufÃº;Los Lagos
Futaleufú;Los Lagos
Futrono;Los Rios
Galvarino;La Araucania
General Lagos;Arica y Parinacota
Gorbea;La Araucania
Graneros;O'Higgins
Guaitecas;Aysen
Hijuelas;Valparaiso
Hospital;Metropolitana
Hospital;Metropolitana
HualaihuÃ©;Los Lagos
Hualaihué;Los Lagos
HualaÃ±e;Maule
Hualañe;Maule
HualpÃ©n;Bio Bio
Hualpén;Bio Bio
Hualqui;Bio Bio
Huara;Tarapaca
Huasco;Atacama
Huechuraba;Metropolitana
Illapel;Coquimbo
Imilac;Antofagasta
Independencia;Metropolitana
Iquique;Tarapaca
Isla de Maipo;Metropolitana
Isla de Pascua;Valparaiso
Juan Fernández;Valparaiso
Juan FernÃ¡ndez;Valparaiso
La Calera;Valparaiso
La Cisterna;Metropolitana
La Cruz;Valparaiso
La Dehesa;Metropolitana
La Estrella;O'Higgins
La Florida;Metropolitana
La Granja;Metropolitana
La Higuera;Coquimbo
La Ligua;Valparaiso
La Pintana;Metropolitana
La Reina;Metropolitana
La Serena;Coquimbo
La UniÃ³n;Los Rios
La Unión;Los Rios
Lago Ranco;Los Rios
Lago Verde;Aysen
Laguna Blanca;Magallanes y Antartica Chilena
Laja;Bio Bio
Lampa;Metropolitana
Lanco;Los Rios
Las Cabras;O'Higgins
Las Condes;Metropolitana
Lautaro;La Araucania
Lebu;Bio Bio
LicantÃ©n;Maule
Licantén;Maule
Limache;Valparaiso
Linares;Maule
Litueche;O'Higgins
Llaillay;Valparaiso
Llanquihue;Los Lagos
Lo Barnechea;Metropolitana
Lo Espejo;Metropolitana
Lo Prado;Metropolitana
Lolol;O'Higgins
Loncoche;La Araucania
LongavÃ­;Maule
Longaví;Maule
Lonquimay;La Araucania
Los Andes;Valparaiso
Los Angeles;Bio Bio
Los Lagos;Los Rios
Los Muermos;Los Lagos
Los Sauces;La Araucania
Los Vilos;Coquimbo
Los Álamos;Bio Bio
Los Ángeles;Bio Bio
Los Ãlamos;Bio Bio
Los Ãngeles;Bio Bio
Lota;Bio Bio
Lumaco;La Araucania
MachalÃ­;O'Higgins
Machalí;O'Higgins
Macul;Metropolitana
MacÃºl;Metropolitana
Macúl;Metropolitana
MaipÃº;Metropolitana
Maipú;Metropolitana
Malloa;O'Higgins
Marchihue;O'Higgins
Mariquina;Los Rios
MarÃ­a Elena;Antofagasta
MarÃ­a Pinto;Metropolitana
María Elena;Antofagasta
María Pinto;Metropolitana
Maule;Maule
MaullÃ­n;Los Lagos
Maullín;Los Lagos
Mejillones;Antofagasta
Melipeuco;La Araucania
Melipilla;Metropolitana
Molina;Maule
Monte Patria;Coquimbo
Mostazal;O'Higgins
MulchÃ©n;Bio Bio
Mulchén;Bio Bio
Máfil;Los Rios
MÃ¡fil;Los Rios
Nacimiento;Bio Bio
Nancagua;O'Higgins
Natales;Magallanes y Antartica Chilena
Navidad;O'Higgins
Negrete;Bio Bio
Ninhue;Ñuble
Nogales;Valparaiso
Nueva Imperial;La Araucania
Ñiquén;Ñuble
Ã±iquÃ©n;Ñuble
ñiquén;Ñuble
Ã‘iquÃ©n;Ñuble
Ñuñoa;Metropolitana
Ã‘uÃ±oa;Metropolitana
O'Higgins;Aysen
Olivar;O'Higgins
Ollagüe;Antofagasta
Ollagüe;Antofagasta
OlmuÃ©;Valparaiso
Olmué;Valparaiso
Osorno;Los Lagos
Ovalle;Coquimbo
Padre Hurtado;Metropolitana
Padre Las Casas;La Araucania
Paiguano;Coquimbo
Paihuano;Coquimbo
Paillaco;Los Rios
Paine;Metropolitana
Palena;Los Lagos
Palmilla;O'Higgins
Panguipulli;Los Rios
Panquehue;Valparaiso
Papudo;Valparaiso
Paredones;O'Higgins
Parral;Maule
Pedro Aguirre Cerda;Metropolitana
Pelarco;Maule
Pelluhue;Maule
Pemuco;Ñuble
Pencahue;Maule
Penco;Bio Bio
Peralillo;O'Higgins
Perquenco;La Araucania
Petorca;Valparaiso
Peumo;O'Higgins
PeÃ±aflor;Metropolitana
PeÃ±alolÃ©n;Metropolitana
Peñaflor;Metropolitana
Peñalolén;Metropolitana
Pica;Tarapaca
Pichidegua;O'Higgins
Pichilemu;O'Higgins
Pinto;Ñuble
Pirque;Metropolitana
PitrufquÃ©n;La Araucania
Pitrufquén;La Araucania
Placilla;O'Higgins
Portezuelo;Ñuble
Porvenir;Magallanes y Antartica Chilena
Pozo Almonte;Tarapaca
Primavera;Magallanes y Antartica Chilena
Providencia;Metropolitana
PuchuncavÃ­;Valparaiso
Puchuncaví;Valparaiso
PucÃ³n;La Araucania
Pucón;La Araucania
Pudahuel;Metropolitana
Puente Alto;Metropolitana
Puerto AysÃ©n;Aysen
Puerto Aysén;Aysen
Puerto Montt;Los Lagos
Puerto Natales;Magallanes y Antartica Chilena
Puerto Octay;Los Lagos
Puerto Varas;Los Lagos
Pumanque;O'Higgins
Punitaqui;Coquimbo
Punitaqui;Coquimbo
Punta Arenas;Magallanes y Antartica Chilena
PuqueldÃ³n;Los Lagos
Puqueldón;Los Lagos
Purranque;Los Lagos
PurÃ©n;La Araucania
Purén;La Araucania
Putaendo;Valparaiso
Putre;Arica y Parinacota
Putre;Arica y Parinacota
Puyehue;Los Lagos
QueilÃ©n;Los Lagos
Queilén;Los Lagos
Quellon;Los Lagos
QuellÃ³n;Los Lagos
Quellón;Los Lagos
Quemchi;Los Lagos
Quemchi;Los Lagos
Quilaco;Bio Bio
Quilicura;Metropolitana
Quilleco;Bio Bio
Quillota;Valparaiso
QuillÃ³n;Ñuble
Quillón;Ñuble
QuilpuÃ©;Valparaiso
Quilpué;Valparaiso
Quinchao;Los Lagos
Quinta de Tilcoco;O'Higgins
Quinta Normal;Metropolitana
Quintero;Valparaiso
Quirihue;Ñuble
Rancagua;O'Higgins
Rauco;Maule
Recoleta;Metropolitana
Renaico;La Araucania
Renca;Metropolitana
Rengo;O'Higgins
Requinoa;O'Higgins
RequÃ­noa;O'Higgins
Requínoa;O'Higgins
Retiro;Maule
Rinconada;Valparaiso
Romeral;Maule
Ránquil;Ñuble
RÃ¡nquil;Ñuble
RÃ­o Bueno;Los Rios
RÃ­o Claro;Maule
RÃ­o Hurtado;Coquimbo
RÃ­o IbÃ¡Ã±ez;Aysen
RÃ­o Negro;Los Lagos
RÃ­o Verde;Magallanes y Antartica Chilena
Río Bueno;Los Rios
Río Claro;Maule
Río Hurtado;Coquimbo
Río Ibáñez;Aysen
Río Negro;Los Lagos
Río Verde;Magallanes y Antartica Chilena
Saavedra;La Araucania
Sagrada Familia;Maule
Salamanca;Coquimbo
San Antonio;Valparaiso
San Bernardo;Metropolitana
San Carlos;Ñuble
San Clemente;Maule
San Esteban;Valparaiso
San Fabián;Ñuble
San FabiÃ¡n;Ñuble
San Felipe;Valparaiso
San Fernando;O'Higgins
San Francisco;Valparaiso
San Gregorio;Magallanes y Antartica Chilena
San Ignacio;Ñuble
San Javier;Maule
San JoaquÃ­n;Metropolitana
San Joaquín;Metropolitana
San JosÃ© de Maipo;Metropolitana
San José de Maipo;Metropolitana
San Juan de la Costa;Los Lagos
San Miguel;Metropolitana
San Nicolás;Ñuble
San NicolÃ¡s;Ñuble
San Pablo;Los Lagos
San Pedro de Atacama;Antofagasta
San Pedro de la Paz;Bio Bio
San Pedro;Metropolitana
San Rafael;Maule
San RamÃ³n;Metropolitana
San Ramón;Metropolitana
San Rosendo;Bio Bio
San Vicente;O'Higgins
Santa Bárbara;Bio Bio
Santa BÃ¡rbara;Bio Bio
Santa Cruz;O'Higgins
Santa Juana;Bio Bio
Santa MarÃ­a;Valparaiso
Santa María;Valparaiso
Santiago;Metropolitana
Santo Domingo;Valparaiso
Sierra Gorda;Antofagasta
Talagante;Metropolitana
Talca;Maule
Talcahuano;Bio Bio
Taltal;Antofagasta
Temuco;La Araucania
Teno;Maule
Teodoro Schmidt;La Araucania
Tierra Amarilla;Atacama
Tiltil;Metropolitana
Timaukel;Magallanes y Antartica Chilena
TirÃºa;Bio Bio
Tirúa;Bio Bio
Tocopilla;Antofagasta
ToltÃ©n;La Araucania
Toltén;La Araucania
TomÃ©;Bio Bio
Tomé;Bio Bio
Torres del Paine;Magallanes y Antartica Chilena
Tortel;Aysen
TraiguÃ©n;La Araucania
Traiguén;La Araucania
Treguaco;Ñuble
Tucapel;Bio Bio
Valdivia;Los Rios
Vallenar;Atacama
ValparaÃ­so;Valparaiso
Valparaíso;Valparaiso
VichuquÃ©n;Maule
Vichuquén;Maule
Victoria;La Araucania
VicuÃ±a;Coquimbo
Vicuña;Coquimbo
VilcÃºn;La Araucania
Vilcún;La Araucania
Villa Alegre;Maule
Villa Alemana;Valparaiso
Villarrica;La Araucania
Vitacura;Metropolitana
ViÃ±a del Mar;Valparaiso
Viña del Mar;Valparaiso
Yerbas Buenas;Maule
Yumbel;Bio Bio
Yungay;Ñuble
Zapallar;Valparaiso
